{
  "config": {
    "num_clients": 3,
    "num_rounds": 10,
    "lora_r": 8,
    "client_epochs": 1,
    "teacher_pretrain_epochs": 1,
    "kd_epochs": 1,
    "teacher_ckpt": "bert-base-uncased",
    "client_ckpt": "distilbert-base-uncased",
    "teacher_data_pct": 25,
    "client_lr": 5e-05,
    "distill_lr": 5e-05,
    "rank": 0,
    "data_path": "glue",
    "data_name": "cola"
  },
  "results": {
    "losses_distributed": [
      [
        1,
        0.01932021602988243
      ],
      [
        2,
        0.019046660512685776
      ],
      [
        3,
        0.01867491379380226
      ],
      [
        4,
        0.018678005784749985
      ],
      [
        5,
        0.018379854038357735
      ],
      [
        6,
        0.017986653372645378
      ],
      [
        7,
        0.017818182706832886
      ],
      [
        8,
        0.017960837110877037
      ],
      [
        9,
        0.0181935615837574
      ],
      [
        10,
        0.017689362168312073
      ]
    ],
    "losses_centralized": [],
    "metrics_distributed_fit": {},
    "metrics_distributed": {
      "accuracy": [
        [
          1,
          0.6912751677852349
        ],
        [
          2,
          0.6912751677852349
        ],
        [
          3,
          0.6912751677852349
        ],
        [
          4,
          0.6951102588686481
        ],
        [
          5,
          0.7133269415148611
        ],
        [
          6,
          0.7334611697027805
        ],
        [
          7,
          0.7411313518696069
        ],
        [
          8,
          0.7497603068072867
        ],
        [
          9,
          0.7430488974113135
        ],
        [
          10,
          0.7593480345158198
        ]
      ]
    },
    "metrics_centralized": {}
  },
  "elapsed_time_secs": 98.59351620300004
}